{"cameraMode":{"drawMode":0,"name":"Shaded","section":"Shading Mode"},"sceneLighting":true,"audioPlay":false,"sceneViewState":{"showFog":true,"showMaterialUpdate":false,"showSkybox":true,"showFlares":true,"showImageEffects":true,"showParticleSystems":true},"in2DMode":false,"pivot":{"x":31.79767608642578,"y":-55.193443298339847,"z":67.65742492675781},"rotation":{"x":0.48447054624557497,"y":0.01259737741202116,"z":-0.006977686192840338,"w":0.8746890425682068},"size":117.08727264404297,"orthographic":false}