{"cameraMode":{"drawMode":0,"name":"Shaded","section":"Shading Mode"},"sceneLighting":false,"audioPlay":false,"sceneViewState":{"showFog":true,"showMaterialUpdate":false,"showSkybox":false,"showFlares":true,"showImageEffects":true,"showParticleSystems":true},"in2DMode":false,"pivot":{"x":-1.3820003271102906,"y":1.4349998235702515,"z":0.22400104999542237},"rotation":{"x":-0.2684761881828308,"y":0.0008797063492238522,"z":-0.0002449446765240282,"w":-0.9632859230041504},"size":1.6146671772003174,"orthographic":false}