{"cameraMode":{"drawMode":0,"name":"Shaded","section":"Shading Mode"},"sceneLighting":false,"audioPlay":false,"sceneViewState":{"showFog":true,"showMaterialUpdate":false,"showSkybox":false,"showFlares":true,"showImageEffects":true,"showParticleSystems":true},"in2DMode":false,"pivot":{"x":-0.8470858335494995,"y":3.339722156524658,"z":0.0},"rotation":{"x":0.650051474571228,"y":0.021647443994879724,"z":-0.018531324341893197,"w":0.7593557238578796},"size":6.338831424713135,"orthographic":true}